Id_Estudiante,Nombre_Alumno,Apellido_Alumno,Correo,Edad,Genero
81-839-2933,Emili,Mellmer,emellmer0@ebay.co.uk,32,Female
57-668-6299,Shell,Andryushin,sandryushin1@digg.com,23,Male
73-825-0289,Brendis,Dimberline,bdimberline2@deliciousdays.com,17,Female
14-476-9067,Kizzee,Behrendsen,kbehrendsen3@whitehouse.gov,36,Female
98-405-7905,Celisse,Haggarty,chaggarty4@shareasale.com,20,Female
94-129-0624,Burgess,Haslen,bhaslen5@seattletimes.com,24,Male
34-381-6661,Madalena,Hearfield,mhearfield6@indiatimes.com,22,Female
50-568-3239,Llewellyn,Braisted,lbraisted7@clickbank.net,37,Male
16-598-5834,Woodman,Drejer,wdrejer8@rambler.ru,36,Male
30-957-1867,Tammy,Brouncker,tbrouncker9@elpais.com,17,Male
18-317-5729,Robinia,Geraghty,rgeraghtya@github.com,28,Female
55-161-2300,Jordain,Howbrook,jhowbrookb@nsw.gov.au,17,Female
75-049-3604,Drona,Dignum,ddignumc@plala.or.jp,23,Female
60-459-7151,Wesley,Ciani,wcianid@howstuffworks.com,36,Male
10-217-2467,Shelagh,Lankford,slankforde@mapquest.com,18,Female
33-906-8856,Elyn,Stanlake,estanlakef@sitemeter.com,18,Female
73-788-6744,Ottilie,Gartan,ogartang@webeden.co.uk,34,Female
16-510-7760,Mikaela,Haugg,mhauggh@home.pl,20,Female
14-725-7436,Grover,Brookshaw,gbrookshawi@nifty.com,26,Male
10-627-3670,Daniel,Pyson,apysonj@fc2.com,21,Male
